<?xml version="1.0" encoding="UTF-8"?>
<project-private xmlns="http://www.netbeans.org/ns/project-private/1">
    <editor-bookmarks xmlns="http://www.netbeans.org/ns/editor-bookmarks/2" lastBookmarkId="0"/>
    <open-files xmlns="http://www.netbeans.org/ns/projectui-open-files/2">
        <group>
            <file>file:/C:/Users/PC-CARBOn/Documents/casiterminado/IntegradorParcial/src/Modelo/Menu.java</file>
            <file>file:/C:/Users/PC-CARBOn/Documents/casiterminado/IntegradorParcial/src/Modelo/Alimento.java</file>
            <file>file:/C:/Users/PC-CARBOn/Documents/casiterminado/IntegradorParcial/src/vista/VentanaPagos.java</file>
            <file>file:/C:/Users/PC-CARBOn/Documents/casiterminado/IntegradorParcial/src/vista/VentanaAlimentos.java</file>
            <file>file:/C:/Users/PC-CARBOn/Documents/casiterminado/IntegradorParcial/src/Controlador/Controlador.java</file>
            <file>file:/C:/Users/PC-CARBOn/Documents/casiterminado/IntegradorParcial/src/META-INF/persistence.xml</file>
            <file>file:/C:/Users/PC-CARBOn/Documents/casiterminado/IntegradorParcial/src/vista/VentanaAlimentoPorMenu.java</file>
            <file>file:/C:/Users/PC-CARBOn/Documents/casiterminado/IntegradorParcial/src/vista/VentanaClientes.java</file>
            <file>file:/C:/Users/PC-CARBOn/Documents/casiterminado/IntegradorParcial/src/vista/VentanaContratos.java</file>
            <file>file:/C:/Users/PC-CARBOn/Documents/casiterminado/IntegradorParcial/src/vista/VentanaMenu.java</file>
            <file>file:/C:/Users/PC-CARBOn/Documents/casiterminado/IntegradorParcial/src/vista/VentanaUtensilios.java</file>
            <file>file:/C:/Users/PC-CARBOn/Documents/casiterminado/IntegradorParcial/src/vista/VentanaUtensiliosPorMenus.java</file>
            <file>file:/C:/Users/PC-CARBOn/Documents/casiterminado/IntegradorParcial/src/Modelo/Contrato.java</file>
            <file>file:/C:/Users/PC-CARBOn/Documents/casiterminado/IntegradorParcial/src/Modelo/Utensilio.java</file>
            <file>file:/C:/Users/PC-CARBOn/Documents/casiterminado/IntegradorParcial/src/Modelo/UtensilioPorMenu.java</file>
            <file>file:/C:/Users/PC-CARBOn/Documents/casiterminado/IntegradorParcial/src/vista/exampl.java</file>
            <file>file:/C:/Users/PC-CARBOn/Documents/casiterminado/IntegradorParcial/src/vista/VentanaPrincipal.java</file>
            <file>file:/C:/Users/PC-CARBOn/Documents/casiterminado/IntegradorParcial/src/Modelo/Pago.java</file>
        </group>
    </open-files>
</project-private>
